,count,mean,std,min,25%,50%,75%,max
recency,4312.0,91.17184601113172,96.86063334657742,1.0,18.0,53.0,136.0,374.0
frequency,4312.0,4.455705009276437,8.170213389965513,1.0,1.0,2.0,5.0,205.0
monetary,4312.0,2048.2382360853435,8914.481279523707,2.95,307.9875,706.02,1723.1425,349164.35
avg_order_value,4312.0,378.32262703106204,492.56407601931494,2.95,182.08785714285716,287.36805555555554,423.5766666666667,11880.84
avg_items_per_order,4312.0,255.75153972475522,1554.1079747547526,1.0,90.0,151.91666666666669,257.0,87167.0
unique_products,4312.0,63.646103896103895,85.75796557928703,1.0,17.0,38.0,79.25,1741.0
avg_unit_price,4312.0,9.861774452495409,203.3735467093054,0.15133333333333335,2.302476150296184,2.970595238095238,3.881839285714286,10953.5
tenure_days,4312.0,133.9986085343228,132.82718298925437,0.0,0.0,105.0,254.0,373.0
